image_id,prediction,confidence
test_00001,0,0.5
test_00002,0,0.5
test_00003,0,0.5
test_00004,0,0.5
test_00005,0,0.5
test_00006,0,0.5
test_00007,0,0.5
test_00008,0,0.5
test_00009,0,0.5
test_00010,0,0.5
test_00011,0,0.5
test_00012,0,0.5
test_00013,0,0.5
test_00014,0,0.5
test_00015,0,0.5
test_00016,0,0.5
test_00017,0,0.5
test_00018,0,0.5
test_00019,0,0.5
test_00020,0,0.5
test_00021,0,0.5
test_00022,0,0.5
test_00023,0,0.5
test_00024,0,0.5
test_00025,0,0.5
test_00026,0,0.5
test_00027,0,0.5
test_00028,0,0.5
test_00029,0,0.5
test_00030,0,0.5
test_00031,0,0.5
test_00032,0,0.5
test_00033,0,0.5
test_00034,0,0.5
test_00035,0,0.5
test_00036,0,0.5
test_00037,0,0.5
test_00038,0,0.5
test_00039,0,0.5
test_00040,0,0.5
test_00041,0,0.5
test_00042,0,0.5
test_00043,0,0.5
test_00044,0,0.5
test_00045,0,0.5
test_00046,0,0.5
test_00047,0,0.5
test_00048,0,0.5
test_00049,0,0.5
test_00050,0,0.5
test_00051,0,0.5
test_00052,0,0.5
test_00053,0,0.5
test_00054,0,0.5
test_00055,0,0.5
test_00056,0,0.5
test_00057,0,0.5
test_00058,0,0.5
test_00059,0,0.5
test_00060,0,0.5
test_00061,0,0.5
test_00062,0,0.5
test_00063,0,0.5
test_00064,0,0.5
test_00065,0,0.5
test_00066,0,0.5
test_00067,0,0.5
test_00068,0,0.5
test_00069,0,0.5
test_00070,0,0.5
test_00071,0,0.5
test_00072,0,0.5
test_00073,0,0.5
test_00074,0,0.5
test_00075,0,0.5
test_00076,0,0.5
test_00077,0,0.5
test_00078,0,0.5
test_00079,0,0.5
test_00080,0,0.5
test_00081,0,0.5
test_00082,0,0.5
test_00083,0,0.5
test_00084,0,0.5
test_00085,0,0.5
test_00086,0,0.5
test_00087,0,0.5
test_00088,0,0.5
test_00089,0,0.5
test_00090,0,0.5
test_00091,0,0.5
test_00092,0,0.5
test_00093,0,0.5
test_00094,0,0.5
test_00095,0,0.5
test_00096,0,0.5
test_00097,0,0.5
test_00098,0,0.5
test_00099,0,0.5
test_00100,0,0.5
test_00101,0,0.5
test_00102,0,0.5
test_00103,0,0.5
test_00104,0,0.5
test_00105,0,0.5
test_00106,0,0.5
test_00107,0,0.5
test_00108,0,0.5
test_00109,0,0.5
test_00110,0,0.5
test_00111,0,0.5
test_00112,0,0.5
test_00113,0,0.5
test_00114,0,0.5
test_00115,0,0.5
test_00116,0,0.5
test_00117,0,0.5
test_00118,0,0.5
test_00119,0,0.5
test_00120,0,0.5
test_00121,0,0.5
test_00122,0,0.5
test_00123,0,0.5
test_00124,0,0.5
test_00125,0,0.5
test_00126,0,0.5
test_00127,0,0.5
test_00128,0,0.5
test_00129,0,0.5
test_00130,0,0.5
test_00131,0,0.5
test_00132,0,0.5
test_00133,0,0.5
test_00134,0,0.5
test_00135,0,0.5
test_00136,0,0.5
test_00137,0,0.5
test_00138,0,0.5
test_00139,0,0.5
test_00140,0,0.5
test_00141,0,0.5
test_00142,0,0.5
test_00143,0,0.5
test_00144,0,0.5
test_00145,0,0.5
test_00146,0,0.5
test_00147,0,0.5
test_00148,0,0.5
test_00149,0,0.5
test_00150,0,0.5
test_00151,0,0.5
test_00152,0,0.5
test_00153,0,0.5
test_00154,0,0.5
test_00155,0,0.5
test_00156,0,0.5
test_00157,0,0.5
test_00158,0,0.5
test_00159,0,0.5
test_00160,0,0.5
test_00161,0,0.5
test_00162,0,0.5
test_00163,0,0.5
test_00164,0,0.5
test_00165,0,0.5
test_00166,0,0.5
test_00167,0,0.5
test_00168,0,0.5
test_00169,0,0.5
test_00170,0,0.5
test_00171,0,0.5
test_00172,0,0.5
test_00173,0,0.5
test_00174,0,0.5
test_00175,0,0.5
test_00176,0,0.5
test_00177,0,0.5
test_00178,0,0.5
test_00179,0,0.5
test_00180,0,0.5
test_00181,0,0.5
test_00182,0,0.5
test_00183,0,0.5
test_00184,0,0.5
test_00185,0,0.5
test_00186,0,0.5
test_00187,0,0.5
test_00188,0,0.5
test_00189,0,0.5
test_00190,0,0.5
test_00191,0,0.5
test_00192,0,0.5
test_00193,0,0.5
test_00194,0,0.5
test_00195,0,0.5
test_00196,0,0.5
test_00197,0,0.5
test_00198,0,0.5
test_00199,0,0.5
test_00200,0,0.5
test_00201,0,0.5
test_00202,0,0.5
test_00203,0,0.5
test_00204,0,0.5
test_00205,0,0.5
test_00206,0,0.5
test_00207,0,0.5
test_00208,0,0.5
test_00209,0,0.5
test_00210,0,0.5
test_00211,0,0.5
test_00212,0,0.5
test_00213,0,0.5
test_00214,0,0.5
test_00215,0,0.5
test_00216,0,0.5
test_00217,0,0.5
test_00218,0,0.5
test_00219,0,0.5
test_00220,0,0.5
test_00221,0,0.5
test_00222,0,0.5
test_00223,0,0.5
test_00224,0,0.5
test_00225,0,0.5
test_00226,0,0.5
test_00227,0,0.5
test_00228,0,0.5
test_00229,0,0.5
test_00230,0,0.5
test_00231,0,0.5
test_00232,0,0.5
test_00233,0,0.5
test_00234,0,0.5
test_00235,0,0.5
test_00236,0,0.5
test_00237,0,0.5
test_00238,0,0.5
test_00239,0,0.5
test_00240,0,0.5
test_00241,0,0.5
test_00242,0,0.5
test_00243,0,0.5
test_00244,0,0.5
test_00245,0,0.5
test_00246,0,0.5
test_00247,0,0.5
test_00248,0,0.5
test_00249,0,0.5
test_00250,0,0.5
test_00251,0,0.5
test_00252,0,0.5
test_00253,0,0.5
test_00254,0,0.5
test_00255,0,0.5
test_00256,0,0.5
test_00257,0,0.5
test_00258,0,0.5
test_00259,0,0.5
test_00260,0,0.5
test_00261,0,0.5
test_00262,0,0.5
test_00263,0,0.5
test_00264,0,0.5
test_00265,0,0.5
test_00266,0,0.5
test_00267,0,0.5
test_00268,0,0.5
test_00269,0,0.5
test_00270,0,0.5
test_00271,0,0.5
test_00272,0,0.5
test_00273,0,0.5
test_00274,0,0.5
test_00275,0,0.5
test_00276,0,0.5
test_00277,0,0.5
test_00278,0,0.5
test_00279,0,0.5
test_00280,0,0.5
test_00281,0,0.5
test_00282,0,0.5
test_00283,0,0.5
test_00284,0,0.5
test_00285,0,0.5
test_00286,0,0.5
test_00287,0,0.5
test_00288,0,0.5
test_00289,0,0.5
test_00290,0,0.5
test_00291,0,0.5
test_00292,0,0.5
test_00293,0,0.5
test_00294,0,0.5
test_00295,0,0.5
test_00296,0,0.5
test_00297,0,0.5
test_00298,0,0.5
test_00299,0,0.5
test_00300,0,0.5
test_00301,0,0.5
test_00302,0,0.5
test_00303,0,0.5
test_00304,0,0.5
test_00305,0,0.5
test_00306,0,0.5
test_00307,0,0.5
test_00308,0,0.5
test_00309,0,0.5
test_00310,0,0.5
test_00311,0,0.5
test_00312,0,0.5
test_00313,0,0.5
test_00314,0,0.5
test_00315,0,0.5
test_00316,0,0.5
test_00317,0,0.5
test_00318,0,0.5
test_00319,0,0.5
test_00320,0,0.5
test_00321,0,0.5
test_00322,0,0.5
test_00323,0,0.5
test_00324,0,0.5
test_00325,0,0.5
test_00326,0,0.5
test_00327,0,0.5
test_00328,0,0.5
test_00329,0,0.5
test_00330,0,0.5
test_00331,0,0.5
test_00332,0,0.5
test_00333,0,0.5
test_00334,0,0.5
test_00335,0,0.5
test_00336,0,0.5
test_00337,0,0.5
test_00338,0,0.5
test_00339,0,0.5
test_00340,0,0.5
test_00341,0,0.5
test_00342,0,0.5
test_00343,0,0.5
test_00344,0,0.5
test_00345,0,0.5
test_00346,0,0.5
test_00347,0,0.5
test_00348,0,0.5
test_00349,0,0.5
test_00350,0,0.5
test_00351,0,0.5
test_00352,0,0.5
test_00353,0,0.5
test_00354,0,0.5
test_00355,0,0.5
test_00356,0,0.5
test_00357,0,0.5
test_00358,0,0.5
test_00359,0,0.5
test_00360,0,0.5
test_00361,0,0.5
test_00362,0,0.5
test_00363,0,0.5
test_00364,0,0.5
test_00365,0,0.5
test_00366,0,0.5
test_00367,0,0.5
test_00368,0,0.5
test_00369,0,0.5
test_00370,0,0.5
test_00371,0,0.5
test_00372,0,0.5
test_00373,0,0.5
test_00374,0,0.5
test_00375,0,0.5
test_00376,0,0.5
test_00377,0,0.5
test_00378,0,0.5
test_00379,0,0.5
test_00380,0,0.5
test_00381,0,0.5
test_00382,0,0.5
test_00383,0,0.5
test_00384,0,0.5
test_00385,0,0.5
test_00386,0,0.5
test_00387,0,0.5
test_00388,0,0.5
test_00389,0,0.5
test_00390,0,0.5
test_00391,0,0.5
test_00392,0,0.5
test_00393,0,0.5
test_00394,0,0.5
test_00395,0,0.5
test_00396,0,0.5
test_00397,0,0.5
test_00398,0,0.5
test_00399,0,0.5
test_00400,0,0.5
test_00401,0,0.5
test_00402,0,0.5
test_00403,0,0.5
test_00404,0,0.5
test_00405,0,0.5
test_00406,0,0.5
test_00407,0,0.5
test_00408,0,0.5
test_00409,0,0.5
test_00410,0,0.5
test_00411,0,0.5
test_00412,0,0.5
test_00413,0,0.5
test_00414,0,0.5
test_00415,0,0.5
test_00416,0,0.5
test_00417,0,0.5
test_00418,0,0.5
test_00419,0,0.5
test_00420,0,0.5
test_00421,0,0.5
test_00422,0,0.5
test_00423,0,0.5
test_00424,0,0.5
test_00425,0,0.5
test_00426,0,0.5
test_00427,0,0.5
test_00428,0,0.5
test_00429,0,0.5
test_00430,0,0.5
test_00431,0,0.5
test_00432,0,0.5
test_00433,0,0.5
test_00434,0,0.5
test_00435,0,0.5
test_00436,0,0.5
test_00437,0,0.5
test_00438,0,0.5
test_00439,0,0.5
test_00440,0,0.5
test_00441,0,0.5
test_00442,0,0.5
test_00443,0,0.5
test_00444,0,0.5
test_00445,0,0.5
test_00446,0,0.5
test_00447,0,0.5
test_00448,0,0.5
test_00449,0,0.5
test_00450,0,0.5
test_00451,0,0.5
test_00452,0,0.5
test_00453,0,0.5
test_00454,0,0.5
test_00455,0,0.5
test_00456,0,0.5
test_00457,0,0.5
test_00458,0,0.5
test_00459,0,0.5
test_00460,0,0.5
test_00461,0,0.5
test_00462,0,0.5
test_00463,0,0.5
test_00464,0,0.5
test_00465,0,0.5
test_00466,0,0.5
test_00467,0,0.5
test_00468,0,0.5
test_00469,0,0.5
test_00470,0,0.5
test_00471,0,0.5
test_00472,0,0.5
test_00473,0,0.5
test_00474,0,0.5
test_00475,0,0.5
test_00476,0,0.5
test_00477,0,0.5
test_00478,0,0.5
test_00479,0,0.5
test_00480,0,0.5
test_00481,0,0.5
test_00482,0,0.5
test_00483,0,0.5
test_00484,0,0.5
test_00485,0,0.5
test_00486,0,0.5
test_00487,0,0.5
test_00488,0,0.5
test_00489,0,0.5
test_00490,0,0.5
test_00491,0,0.5
test_00492,0,0.5
test_00493,0,0.5
test_00494,0,0.5
test_00495,0,0.5
test_00496,0,0.5
test_00497,0,0.5
test_00498,0,0.5
test_00499,0,0.5
test_00500,0,0.5
test_00501,0,0.5
test_00502,0,0.5
test_00503,0,0.5
test_00504,0,0.5
test_00505,0,0.5
test_00506,0,0.5
test_00507,0,0.5
test_00508,0,0.5
test_00509,0,0.5
test_00510,0,0.5
test_00511,0,0.5
test_00512,0,0.5
test_00513,0,0.5
test_00514,0,0.5
test_00515,0,0.5
test_00516,0,0.5
test_00517,0,0.5
test_00518,0,0.5
test_00519,0,0.5
test_00520,0,0.5
test_00521,0,0.5
test_00522,0,0.5
test_00523,0,0.5
test_00524,0,0.5
test_00525,0,0.5
test_00526,0,0.5
test_00527,0,0.5
test_00528,0,0.5
test_00529,0,0.5
test_00530,0,0.5
test_00531,0,0.5
test_00532,0,0.5
test_00533,0,0.5
test_00534,0,0.5
test_00535,0,0.5
test_00536,0,0.5
test_00537,0,0.5
test_00538,0,0.5
test_00539,0,0.5
test_00540,0,0.5
test_00541,0,0.5
test_00542,0,0.5
test_00543,0,0.5
test_00544,0,0.5
test_00545,0,0.5
test_00546,0,0.5
test_00547,0,0.5
test_00548,0,0.5
test_00549,0,0.5
test_00550,0,0.5
test_00551,0,0.5
test_00552,0,0.5
test_00553,0,0.5
test_00554,0,0.5
test_00555,0,0.5
test_00556,0,0.5
test_00557,0,0.5
test_00558,0,0.5
test_00559,0,0.5
test_00560,0,0.5
test_00561,0,0.5
test_00562,0,0.5
test_00563,0,0.5
test_00564,0,0.5
test_00565,0,0.5
test_00566,0,0.5
test_00567,0,0.5
test_00568,0,0.5
test_00569,0,0.5
test_00570,0,0.5
test_00571,0,0.5
test_00572,0,0.5
test_00573,0,0.5
test_00574,0,0.5
test_00575,0,0.5
test_00576,0,0.5
test_00577,0,0.5
test_00578,0,0.5
test_00579,0,0.5
test_00580,0,0.5
test_00581,0,0.5
test_00582,0,0.5
test_00583,0,0.5
test_00584,0,0.5
test_00585,0,0.5
test_00586,0,0.5
test_00587,0,0.5
test_00588,0,0.5
test_00589,0,0.5
test_00590,0,0.5
test_00591,0,0.5
test_00592,0,0.5
test_00593,0,0.5
test_00594,0,0.5
test_00595,0,0.5
test_00596,0,0.5
test_00597,0,0.5
test_00598,0,0.5
test_00599,0,0.5
test_00600,0,0.5
test_00601,0,0.5
test_00602,0,0.5
test_00603,0,0.5
test_00604,0,0.5
test_00605,0,0.5
test_00606,0,0.5
test_00607,0,0.5
test_00608,0,0.5
test_00609,0,0.5
test_00610,0,0.5
test_00611,0,0.5
test_00612,0,0.5
test_00613,0,0.5
test_00614,0,0.5
test_00615,0,0.5
test_00616,0,0.5
test_00617,0,0.5
test_00618,0,0.5
test_00619,0,0.5
test_00620,0,0.5
test_00621,0,0.5
test_00622,0,0.5
test_00623,0,0.5
test_00624,0,0.5
test_00625,0,0.5
test_00626,0,0.5
test_00627,0,0.5
test_00628,0,0.5
test_00629,0,0.5
test_00630,0,0.5
test_00631,0,0.5
test_00632,0,0.5
test_00633,0,0.5
test_00634,0,0.5
test_00635,0,0.5
test_00636,0,0.5
test_00637,0,0.5
test_00638,0,0.5
test_00639,0,0.5
test_00640,0,0.5
test_00641,0,0.5
test_00642,0,0.5
test_00643,0,0.5
test_00644,0,0.5
test_00645,0,0.5
test_00646,0,0.5
test_00647,0,0.5
test_00648,0,0.5
test_00649,0,0.5
test_00650,0,0.5
test_00651,0,0.5
test_00652,0,0.5
test_00653,0,0.5
test_00654,0,0.5
test_00655,0,0.5
test_00656,0,0.5
test_00657,0,0.5
test_00658,0,0.5
test_00659,0,0.5
test_00660,0,0.5
test_00661,0,0.5
test_00662,0,0.5
test_00663,0,0.5
test_00664,0,0.5
test_00665,0,0.5
test_00666,0,0.5
test_00667,0,0.5
test_00668,0,0.5
test_00669,0,0.5
test_00670,0,0.5
test_00671,0,0.5
test_00672,0,0.5
test_00673,0,0.5
test_00674,0,0.5
test_00675,0,0.5
test_00676,0,0.5
test_00677,0,0.5
test_00678,0,0.5
test_00679,0,0.5
test_00680,0,0.5
test_00681,0,0.5
test_00682,0,0.5
test_00683,0,0.5
test_00684,0,0.5
test_00685,0,0.5
test_00686,0,0.5
test_00687,0,0.5
test_00688,0,0.5
test_00689,0,0.5
test_00690,0,0.5
test_00691,0,0.5
test_00692,0,0.5
test_00693,0,0.5
test_00694,0,0.5
test_00695,0,0.5
test_00696,0,0.5
test_00697,0,0.5
test_00698,0,0.5
test_00699,0,0.5
test_00700,0,0.5
test_00701,0,0.5
test_00702,0,0.5
test_00703,0,0.5
test_00704,0,0.5
test_00705,0,0.5
test_00706,0,0.5
test_00707,0,0.5
test_00708,0,0.5
test_00709,0,0.5
test_00710,0,0.5
test_00711,0,0.5
test_00712,0,0.5
test_00713,0,0.5
test_00714,0,0.5
test_00715,0,0.5
test_00716,0,0.5
test_00717,0,0.5
test_00718,0,0.5
test_00719,0,0.5
test_00720,0,0.5
test_00721,0,0.5
test_00722,0,0.5
test_00723,0,0.5
test_00724,0,0.5
test_00725,0,0.5
test_00726,0,0.5
test_00727,0,0.5
test_00728,0,0.5
test_00729,0,0.5
test_00730,0,0.5
test_00731,0,0.5
test_00732,0,0.5
test_00733,0,0.5
test_00734,0,0.5
test_00735,0,0.5
test_00736,0,0.5
test_00737,0,0.5
test_00738,0,0.5
test_00739,0,0.5
test_00740,0,0.5
test_00741,0,0.5
test_00742,0,0.5
test_00743,0,0.5
test_00744,0,0.5
test_00745,0,0.5
test_00746,0,0.5
test_00747,0,0.5
test_00748,0,0.5
test_00749,0,0.5
test_00750,0,0.5
test_00751,0,0.5
test_00752,0,0.5
test_00753,0,0.5
test_00754,0,0.5
test_00755,0,0.5
test_00756,0,0.5
test_00757,0,0.5
test_00758,0,0.5
test_00759,0,0.5
test_00760,0,0.5
test_00761,0,0.5
test_00762,0,0.5
test_00763,0,0.5
test_00764,0,0.5
test_00765,0,0.5
test_00766,0,0.5
test_00767,0,0.5
test_00768,0,0.5
test_00769,0,0.5
test_00770,0,0.5
test_00771,0,0.5
test_00772,0,0.5
test_00773,0,0.5
test_00774,0,0.5
test_00775,0,0.5
test_00776,0,0.5
test_00777,0,0.5
test_00778,0,0.5
test_00779,0,0.5
test_00780,0,0.5
test_00781,0,0.5
test_00782,0,0.5
test_00783,0,0.5
test_00784,0,0.5
test_00785,0,0.5
test_00786,0,0.5
test_00787,0,0.5
test_00788,0,0.5
test_00789,0,0.5
test_00790,0,0.5
test_00791,0,0.5
test_00792,0,0.5
test_00793,0,0.5
test_00794,0,0.5
test_00795,0,0.5
test_00796,0,0.5
test_00797,0,0.5
test_00798,0,0.5
test_00799,0,0.5
test_00800,0,0.5
test_00801,0,0.5
test_00802,0,0.5
test_00803,0,0.5
test_00804,0,0.5
test_00805,0,0.5
test_00806,0,0.5
test_00807,0,0.5
test_00808,0,0.5
test_00809,0,0.5
test_00810,0,0.5
test_00811,0,0.5
test_00812,0,0.5
test_00813,0,0.5
test_00814,0,0.5
test_00815,0,0.5
test_00816,0,0.5
test_00817,0,0.5
test_00818,0,0.5
test_00819,0,0.5
test_00820,0,0.5
test_00821,0,0.5
test_00822,0,0.5
test_00823,0,0.5
test_00824,0,0.5
test_00825,0,0.5
test_00826,0,0.5
test_00827,0,0.5
test_00828,0,0.5
test_00829,0,0.5
test_00830,0,0.5
test_00831,0,0.5
test_00832,0,0.5
test_00833,0,0.5
test_00834,0,0.5
test_00835,0,0.5
test_00836,0,0.5
test_00837,0,0.5
test_00838,0,0.5
test_00839,0,0.5
test_00840,0,0.5
test_00841,0,0.5
test_00842,0,0.5
test_00843,0,0.5
test_00844,0,0.5
test_00845,0,0.5
test_00846,0,0.5
test_00847,0,0.5
test_00848,0,0.5
test_00849,0,0.5
test_00850,0,0.5
test_00851,0,0.5
test_00852,0,0.5
test_00853,0,0.5
test_00854,0,0.5
test_00855,0,0.5
test_00856,0,0.5
test_00857,0,0.5
test_00858,0,0.5
test_00859,0,0.5
test_00860,0,0.5
test_00861,0,0.5
test_00862,0,0.5
test_00863,0,0.5
test_00864,0,0.5
test_00865,0,0.5
test_00866,0,0.5
test_00867,0,0.5
test_00868,0,0.5
test_00869,0,0.5
test_00870,0,0.5
test_00871,0,0.5
test_00872,0,0.5
test_00873,0,0.5
test_00874,0,0.5
test_00875,0,0.5
test_00876,0,0.5
test_00877,0,0.5
test_00878,0,0.5
test_00879,0,0.5
test_00880,0,0.5
test_00881,0,0.5
test_00882,0,0.5
test_00883,0,0.5
test_00884,0,0.5
test_00885,0,0.5
test_00886,0,0.5
test_00887,0,0.5
test_00888,0,0.5
test_00889,0,0.5
test_00890,0,0.5
test_00891,0,0.5
test_00892,0,0.5
test_00893,0,0.5
test_00894,0,0.5
test_00895,0,0.5
test_00896,0,0.5
test_00897,0,0.5
test_00898,0,0.5
test_00899,0,0.5
test_00900,0,0.5
test_00901,0,0.5
test_00902,0,0.5
test_00903,0,0.5
test_00904,0,0.5
test_00905,0,0.5
test_00906,0,0.5
test_00907,0,0.5
test_00908,0,0.5
test_00909,0,0.5
test_00910,0,0.5
test_00911,0,0.5
test_00912,0,0.5
test_00913,0,0.5
test_00914,0,0.5
test_00915,0,0.5
test_00916,0,0.5
test_00917,0,0.5
test_00918,0,0.5
test_00919,0,0.5
test_00920,0,0.5
test_00921,0,0.5
test_00922,0,0.5
test_00923,0,0.5
test_00924,0,0.5
test_00925,0,0.5
test_00926,0,0.5
test_00927,0,0.5
test_00928,0,0.5
test_00929,0,0.5
test_00930,0,0.5
test_00931,0,0.5
test_00932,0,0.5
test_00933,0,0.5
test_00934,0,0.5
test_00935,0,0.5
test_00936,0,0.5
test_00937,0,0.5
test_00938,0,0.5
test_00939,0,0.5
test_00940,0,0.5
test_00941,0,0.5
test_00942,0,0.5
test_00943,0,0.5
test_00944,0,0.5
test_00945,0,0.5
test_00946,0,0.5
test_00947,0,0.5
test_00948,0,0.5
test_00949,0,0.5
test_00950,0,0.5
test_00951,0,0.5
test_00952,0,0.5
test_00953,0,0.5
test_00954,0,0.5
test_00955,0,0.5
test_00956,0,0.5
test_00957,0,0.5
test_00958,0,0.5
test_00959,0,0.5
test_00960,0,0.5
test_00961,0,0.5
test_00962,0,0.5
test_00963,0,0.5
test_00964,0,0.5
test_00965,0,0.5
test_00966,0,0.5
test_00967,0,0.5
test_00968,0,0.5
test_00969,0,0.5
test_00970,0,0.5
test_00971,0,0.5
test_00972,0,0.5
test_00973,0,0.5
test_00974,0,0.5
test_00975,0,0.5
test_00976,0,0.5
test_00977,0,0.5
test_00978,0,0.5
test_00979,0,0.5
test_00980,0,0.5
test_00981,0,0.5
test_00982,0,0.5
test_00983,0,0.5
test_00984,0,0.5
test_00985,0,0.5
test_00986,0,0.5
test_00987,0,0.5
test_00988,0,0.5
test_00989,0,0.5
test_00990,0,0.5
test_00991,0,0.5
test_00992,0,0.5
test_00993,0,0.5
test_00994,0,0.5
test_00995,0,0.5
test_00996,0,0.5
test_00997,0,0.5
test_00998,0,0.5
test_00999,0,0.5
test_01000,0,0.5
test_01001,0,0.5
test_01002,0,0.5
test_01003,0,0.5
test_01004,0,0.5
test_01005,0,0.5
test_01006,0,0.5
test_01007,0,0.5
test_01008,0,0.5
test_01009,0,0.5
test_01010,0,0.5
test_01011,0,0.5
test_01012,0,0.5
test_01013,0,0.5
test_01014,0,0.5
test_01015,0,0.5
test_01016,0,0.5
test_01017,0,0.5
test_01018,0,0.5
test_01019,0,0.5
test_01020,0,0.5
test_01021,0,0.5
test_01022,0,0.5
test_01023,0,0.5
test_01024,0,0.5
test_01025,0,0.5
test_01026,0,0.5
test_01027,0,0.5
test_01028,0,0.5
test_01029,0,0.5
test_01030,0,0.5
test_01031,0,0.5
test_01032,0,0.5
test_01033,0,0.5
test_01034,0,0.5
test_01035,0,0.5
test_01036,0,0.5
test_01037,0,0.5
test_01038,0,0.5
test_01039,0,0.5
test_01040,0,0.5
test_01041,0,0.5
test_01042,0,0.5
test_01043,0,0.5
test_01044,0,0.5
test_01045,0,0.5
test_01046,0,0.5
test_01047,0,0.5
test_01048,0,0.5
test_01049,0,0.5
test_01050,0,0.5
test_01051,0,0.5
test_01052,0,0.5
test_01053,0,0.5
test_01054,0,0.5
test_01055,0,0.5
test_01056,0,0.5
test_01057,0,0.5
test_01058,0,0.5
test_01059,0,0.5
test_01060,0,0.5
test_01061,0,0.5
test_01062,0,0.5
test_01063,0,0.5
test_01064,0,0.5
test_01065,0,0.5
test_01066,0,0.5
test_01067,0,0.5
test_01068,0,0.5
test_01069,0,0.5
test_01070,0,0.5
test_01071,0,0.5
test_01072,0,0.5
test_01073,0,0.5
test_01074,0,0.5
test_01075,0,0.5
test_01076,0,0.5
test_01077,0,0.5
test_01078,0,0.5
test_01079,0,0.5
test_01080,0,0.5
test_01081,0,0.5
test_01082,0,0.5
test_01083,0,0.5
test_01084,0,0.5
test_01085,0,0.5
test_01086,0,0.5
test_01087,0,0.5
test_01088,0,0.5
test_01089,0,0.5
test_01090,0,0.5
test_01091,0,0.5
test_01092,0,0.5
test_01093,0,0.5
test_01094,0,0.5
test_01095,0,0.5
test_01096,0,0.5
test_01097,0,0.5
test_01098,0,0.5
test_01099,0,0.5
test_01100,0,0.5
test_01101,0,0.5
test_01102,0,0.5
test_01103,0,0.5
test_01104,0,0.5
test_01105,0,0.5
test_01106,0,0.5
test_01107,0,0.5
test_01108,0,0.5
test_01109,0,0.5
test_01110,0,0.5
test_01111,0,0.5
test_01112,0,0.5
test_01113,0,0.5
test_01114,0,0.5
test_01115,0,0.5
test_01116,0,0.5
test_01117,0,0.5
test_01118,0,0.5
test_01119,0,0.5
test_01120,0,0.5
test_01121,0,0.5
test_01122,0,0.5
test_01123,0,0.5
test_01124,0,0.5
test_01125,0,0.5
test_01126,0,0.5
test_01127,0,0.5
test_01128,0,0.5
test_01129,0,0.5
test_01130,0,0.5
test_01131,0,0.5
test_01132,0,0.5
test_01133,0,0.5
test_01134,0,0.5
test_01135,0,0.5
test_01136,0,0.5
test_01137,0,0.5
test_01138,0,0.5
test_01139,0,0.5
test_01140,0,0.5
test_01141,0,0.5
test_01142,0,0.5
test_01143,0,0.5
test_01144,0,0.5
test_01145,0,0.5
test_01146,0,0.5
test_01147,0,0.5
test_01148,0,0.5
test_01149,0,0.5
test_01150,0,0.5
test_01151,0,0.5
test_01152,0,0.5
test_01153,0,0.5
test_01154,0,0.5
test_01155,0,0.5
test_01156,0,0.5
test_01157,0,0.5
test_01158,0,0.5
test_01159,0,0.5
test_01160,0,0.5
test_01161,0,0.5
test_01162,0,0.5
test_01163,0,0.5
test_01164,0,0.5
test_01165,0,0.5
test_01166,0,0.5
test_01167,0,0.5
test_01168,0,0.5
test_01169,0,0.5
test_01170,0,0.5
test_01171,0,0.5
test_01172,0,0.5
test_01173,0,0.5
test_01174,0,0.5
test_01175,0,0.5
test_01176,0,0.5
test_01177,0,0.5
test_01178,0,0.5
test_01179,0,0.5
test_01180,0,0.5
test_01181,0,0.5
test_01182,0,0.5
test_01183,0,0.5
test_01184,0,0.5
test_01185,0,0.5
test_01186,0,0.5
test_01187,0,0.5
test_01188,0,0.5
test_01189,0,0.5
test_01190,0,0.5
test_01191,0,0.5
test_01192,0,0.5
test_01193,0,0.5
test_01194,0,0.5
test_01195,0,0.5
test_01196,0,0.5
test_01197,0,0.5
test_01198,0,0.5
test_01199,0,0.5
test_01200,0,0.5
test_01201,0,0.5
test_01202,0,0.5
test_01203,0,0.5
test_01204,0,0.5
test_01205,0,0.5
test_01206,0,0.5
test_01207,0,0.5
test_01208,0,0.5
test_01209,0,0.5
test_01210,0,0.5
test_01211,0,0.5
test_01212,0,0.5
test_01213,0,0.5
test_01214,0,0.5
test_01215,0,0.5
test_01216,0,0.5
test_01217,0,0.5
test_01218,0,0.5
test_01219,0,0.5
test_01220,0,0.5
test_01221,0,0.5
test_01222,0,0.5
test_01223,0,0.5
test_01224,0,0.5
test_01225,0,0.5
test_01226,0,0.5
test_01227,0,0.5
test_01228,0,0.5
test_01229,0,0.5
test_01230,0,0.5
test_01231,0,0.5
test_01232,0,0.5
test_01233,0,0.5
test_01234,0,0.5
test_01235,0,0.5
test_01236,0,0.5
test_01237,0,0.5
test_01238,0,0.5
test_01239,0,0.5
test_01240,0,0.5
test_01241,0,0.5
test_01242,0,0.5
test_01243,0,0.5
test_01244,0,0.5
test_01245,0,0.5
test_01246,0,0.5
test_01247,0,0.5
test_01248,0,0.5
test_01249,0,0.5
test_01250,0,0.5
test_01251,0,0.5
test_01252,0,0.5
test_01253,0,0.5
test_01254,0,0.5
test_01255,0,0.5
test_01256,0,0.5
test_01257,0,0.5
test_01258,0,0.5
test_01259,0,0.5
test_01260,0,0.5
test_01261,0,0.5
test_01262,0,0.5
test_01263,0,0.5
test_01264,0,0.5
test_01265,0,0.5
test_01266,0,0.5
test_01267,0,0.5
test_01268,0,0.5
test_01269,0,0.5
test_01270,0,0.5
test_01271,0,0.5
test_01272,0,0.5
test_01273,0,0.5
test_01274,0,0.5
test_01275,0,0.5
test_01276,0,0.5
test_01277,0,0.5
test_01278,0,0.5
test_01279,0,0.5
test_01280,0,0.5
test_01281,0,0.5
test_01282,0,0.5
test_01283,0,0.5
test_01284,0,0.5
test_01285,0,0.5
test_01286,0,0.5
test_01287,0,0.5
test_01288,0,0.5
test_01289,0,0.5
test_01290,0,0.5
test_01291,0,0.5
test_01292,0,0.5
test_01293,0,0.5
test_01294,0,0.5
test_01295,0,0.5
test_01296,0,0.5
test_01297,0,0.5
test_01298,0,0.5
test_01299,0,0.5
test_01300,0,0.5
test_01301,0,0.5
test_01302,0,0.5
test_01303,0,0.5
test_01304,0,0.5
test_01305,0,0.5
test_01306,0,0.5
test_01307,0,0.5
test_01308,0,0.5
test_01309,0,0.5
test_01310,0,0.5
test_01311,0,0.5
test_01312,0,0.5
test_01313,0,0.5
test_01314,0,0.5
test_01315,0,0.5
test_01316,0,0.5
test_01317,0,0.5
test_01318,0,0.5
test_01319,0,0.5
test_01320,0,0.5
test_01321,0,0.5
test_01322,0,0.5
test_01323,0,0.5
test_01324,0,0.5
test_01325,0,0.5
test_01326,0,0.5
test_01327,0,0.5
test_01328,0,0.5
test_01329,0,0.5
test_01330,0,0.5
test_01331,0,0.5
test_01332,0,0.5
test_01333,0,0.5
test_01334,0,0.5
test_01335,0,0.5
test_01336,0,0.5
test_01337,0,0.5
test_01338,0,0.5
test_01339,0,0.5
test_01340,0,0.5
test_01341,0,0.5
test_01342,0,0.5
test_01343,0,0.5
test_01344,0,0.5
test_01345,0,0.5
test_01346,0,0.5
test_01347,0,0.5
test_01348,0,0.5
test_01349,0,0.5
test_01350,0,0.5
test_01351,0,0.5
test_01352,0,0.5
test_01353,0,0.5
test_01354,0,0.5
test_01355,0,0.5
test_01356,0,0.5
test_01357,0,0.5
test_01358,0,0.5
test_01359,0,0.5
test_01360,0,0.5
test_01361,0,0.5
test_01362,0,0.5
test_01363,0,0.5
test_01364,0,0.5
test_01365,0,0.5
test_01366,0,0.5
test_01367,0,0.5
test_01368,0,0.5
test_01369,0,0.5
test_01370,0,0.5
test_01371,0,0.5
test_01372,0,0.5
test_01373,0,0.5
test_01374,0,0.5
test_01375,0,0.5
test_01376,0,0.5
test_01377,0,0.5
test_01378,0,0.5
test_01379,0,0.5
test_01380,0,0.5
test_01381,0,0.5
test_01382,0,0.5
test_01383,0,0.5
test_01384,0,0.5
test_01385,0,0.5
test_01386,0,0.5
test_01387,0,0.5
test_01388,0,0.5
test_01389,0,0.5
test_01390,0,0.5
test_01391,0,0.5
test_01392,0,0.5
test_01393,0,0.5
test_01394,0,0.5
test_01395,0,0.5
test_01396,0,0.5
test_01397,0,0.5
test_01398,0,0.5
test_01399,0,0.5
test_01400,0,0.5
test_01401,0,0.5
test_01402,0,0.5
test_01403,0,0.5
test_01404,0,0.5
test_01405,0,0.5
test_01406,0,0.5
test_01407,0,0.5
test_01408,0,0.5
test_01409,0,0.5
test_01410,0,0.5
test_01411,0,0.5
test_01412,0,0.5
test_01413,0,0.5
test_01414,0,0.5
test_01415,0,0.5
test_01416,0,0.5
test_01417,0,0.5
test_01418,0,0.5
test_01419,0,0.5
test_01420,0,0.5
test_01421,0,0.5
test_01422,0,0.5
test_01423,0,0.5
test_01424,0,0.5
test_01425,0,0.5
test_01426,0,0.5
test_01427,0,0.5
test_01428,0,0.5
test_01429,0,0.5
test_01430,0,0.5
test_01431,0,0.5
test_01432,0,0.5
test_01433,0,0.5
test_01434,0,0.5
test_01435,0,0.5
test_01436,0,0.5
test_01437,0,0.5
test_01438,0,0.5
test_01439,0,0.5
test_01440,0,0.5
test_01441,0,0.5
test_01442,0,0.5
test_01443,0,0.5
test_01444,0,0.5
test_01445,0,0.5
test_01446,0,0.5
test_01447,0,0.5
test_01448,0,0.5
test_01449,0,0.5
test_01450,0,0.5
test_01451,0,0.5
test_01452,0,0.5
test_01453,0,0.5
test_01454,0,0.5
test_01455,0,0.5
test_01456,0,0.5
test_01457,0,0.5
test_01458,0,0.5
test_01459,0,0.5
test_01460,0,0.5
test_01461,0,0.5
test_01462,0,0.5
test_01463,0,0.5
test_01464,0,0.5
test_01465,0,0.5
test_01466,0,0.5
test_01467,0,0.5
test_01468,0,0.5
test_01469,0,0.5
test_01470,0,0.5
test_01471,0,0.5
test_01472,0,0.5
test_01473,0,0.5
test_01474,0,0.5
test_01475,0,0.5
test_01476,0,0.5
test_01477,0,0.5
test_01478,0,0.5
test_01479,0,0.5
test_01480,0,0.5
test_01481,0,0.5
test_01482,0,0.5
test_01483,0,0.5
test_01484,0,0.5
test_01485,0,0.5
test_01486,0,0.5
test_01487,0,0.5
test_01488,0,0.5
test_01489,0,0.5
test_01490,0,0.5
test_01491,0,0.5
test_01492,0,0.5
test_01493,0,0.5
test_01494,0,0.5
test_01495,0,0.5
test_01496,0,0.5
test_01497,0,0.5
test_01498,0,0.5
test_01499,0,0.5
test_01500,0,0.5
test_01501,0,0.5
test_01502,0,0.5
test_01503,0,0.5
test_01504,0,0.5
test_01505,0,0.5
test_01506,0,0.5
test_01507,0,0.5
test_01508,0,0.5
test_01509,0,0.5
test_01510,0,0.5
test_01511,0,0.5
test_01512,0,0.5
test_01513,0,0.5
test_01514,0,0.5
test_01515,0,0.5
test_01516,0,0.5
test_01517,0,0.5
test_01518,0,0.5
test_01519,0,0.5
test_01520,0,0.5
test_01521,0,0.5
test_01522,0,0.5
test_01523,0,0.5
test_01524,0,0.5
test_01525,0,0.5
test_01526,0,0.5
test_01527,0,0.5
test_01528,0,0.5
test_01529,0,0.5
test_01530,0,0.5
test_01531,0,0.5
test_01532,0,0.5
test_01533,0,0.5
test_01534,0,0.5
test_01535,0,0.5
test_01536,0,0.5
test_01537,0,0.5
test_01538,0,0.5
test_01539,0,0.5
test_01540,0,0.5
test_01541,0,0.5
test_01542,0,0.5
test_01543,0,0.5
test_01544,0,0.5
test_01545,0,0.5
test_01546,0,0.5
test_01547,0,0.5
test_01548,0,0.5
test_01549,0,0.5
test_01550,0,0.5
test_01551,0,0.5
test_01552,0,0.5
test_01553,0,0.5
test_01554,0,0.5
test_01555,0,0.5
test_01556,0,0.5
test_01557,0,0.5
test_01558,0,0.5
test_01559,0,0.5
test_01560,0,0.5
test_01561,0,0.5
test_01562,0,0.5
test_01563,0,0.5
test_01564,0,0.5
test_01565,0,0.5
test_01566,0,0.5
test_01567,0,0.5
test_01568,0,0.5
test_01569,0,0.5
test_01570,0,0.5
test_01571,0,0.5
test_01572,0,0.5
test_01573,0,0.5
test_01574,0,0.5
test_01575,0,0.5
test_01576,0,0.5
test_01577,0,0.5
test_01578,0,0.5
test_01579,0,0.5
test_01580,0,0.5
test_01581,0,0.5
test_01582,0,0.5
test_01583,0,0.5
test_01584,0,0.5
test_01585,0,0.5
test_01586,0,0.5
test_01587,0,0.5
test_01588,0,0.5
test_01589,0,0.5
test_01590,0,0.5
test_01591,0,0.5
test_01592,0,0.5
test_01593,0,0.5
test_01594,0,0.5
test_01595,0,0.5
test_01596,0,0.5
test_01597,0,0.5
test_01598,0,0.5
test_01599,0,0.5
test_01600,0,0.5
test_01601,0,0.5
test_01602,0,0.5
test_01603,0,0.5
test_01604,0,0.5
test_01605,0,0.5
test_01606,0,0.5
test_01607,0,0.5
test_01608,0,0.5
test_01609,0,0.5
test_01610,0,0.5
test_01611,0,0.5
test_01612,0,0.5
test_01613,0,0.5
test_01614,0,0.5
test_01615,0,0.5
test_01616,0,0.5
test_01617,0,0.5
test_01618,0,0.5
test_01619,0,0.5
test_01620,0,0.5
test_01621,0,0.5
test_01622,0,0.5
test_01623,0,0.5
test_01624,0,0.5
test_01625,0,0.5
test_01626,0,0.5
test_01627,0,0.5
test_01628,0,0.5
test_01629,0,0.5
test_01630,0,0.5
test_01631,0,0.5
test_01632,0,0.5
test_01633,0,0.5
test_01634,0,0.5
test_01635,0,0.5
test_01636,0,0.5
test_01637,0,0.5
test_01638,0,0.5
test_01639,0,0.5
test_01640,0,0.5
test_01641,0,0.5
test_01642,0,0.5
test_01643,0,0.5
test_01644,0,0.5
test_01645,0,0.5
test_01646,0,0.5
test_01647,0,0.5
test_01648,0,0.5
test_01649,0,0.5
test_01650,0,0.5
test_01651,0,0.5
test_01652,0,0.5
test_01653,0,0.5
test_01654,0,0.5
test_01655,0,0.5
test_01656,0,0.5
test_01657,0,0.5
test_01658,0,0.5
test_01659,0,0.5
test_01660,0,0.5
test_01661,0,0.5
test_01662,0,0.5
test_01663,0,0.5
test_01664,0,0.5
test_01665,0,0.5
test_01666,0,0.5
test_01667,0,0.5
test_01668,0,0.5
test_01669,0,0.5
test_01670,0,0.5
test_01671,0,0.5
test_01672,0,0.5
test_01673,0,0.5
test_01674,0,0.5
test_01675,0,0.5
test_01676,0,0.5
test_01677,0,0.5
test_01678,0,0.5
test_01679,0,0.5
test_01680,0,0.5
test_01681,0,0.5
test_01682,0,0.5
test_01683,0,0.5
test_01684,0,0.5
test_01685,0,0.5
test_01686,0,0.5
test_01687,0,0.5
test_01688,0,0.5
test_01689,0,0.5
test_01690,0,0.5
test_01691,0,0.5
test_01692,0,0.5
test_01693,0,0.5
test_01694,0,0.5
test_01695,0,0.5
test_01696,0,0.5
test_01697,0,0.5
test_01698,0,0.5
test_01699,0,0.5
test_01700,0,0.5
test_01701,0,0.5
test_01702,0,0.5
test_01703,0,0.5
test_01704,0,0.5
test_01705,0,0.5
test_01706,0,0.5
test_01707,0,0.5
test_01708,0,0.5
test_01709,0,0.5
test_01710,0,0.5
test_01711,0,0.5
test_01712,0,0.5
test_01713,0,0.5
test_01714,0,0.5
test_01715,0,0.5
test_01716,0,0.5
test_01717,0,0.5
test_01718,0,0.5
test_01719,0,0.5
test_01720,0,0.5
test_01721,0,0.5
test_01722,0,0.5
test_01723,0,0.5
test_01724,0,0.5
test_01725,0,0.5
test_01726,0,0.5
test_01727,0,0.5
test_01728,0,0.5
test_01729,0,0.5
test_01730,0,0.5
test_01731,0,0.5
test_01732,0,0.5
test_01733,0,0.5
test_01734,0,0.5
test_01735,0,0.5
test_01736,0,0.5
test_01737,0,0.5
test_01738,0,0.5
test_01739,0,0.5
test_01740,0,0.5
test_01741,0,0.5
test_01742,0,0.5
test_01743,0,0.5
test_01744,0,0.5
test_01745,0,0.5
test_01746,0,0.5
test_01747,0,0.5
test_01748,0,0.5
test_01749,0,0.5
test_01750,0,0.5
test_01751,0,0.5
test_01752,0,0.5
test_01753,0,0.5
test_01754,0,0.5
test_01755,0,0.5
test_01756,0,0.5
test_01757,0,0.5
test_01758,0,0.5
test_01759,0,0.5
test_01760,0,0.5
test_01761,0,0.5
test_01762,0,0.5
test_01763,0,0.5
test_01764,0,0.5
test_01765,0,0.5
test_01766,0,0.5
test_01767,0,0.5
test_01768,0,0.5
test_01769,0,0.5
test_01770,0,0.5
test_01771,0,0.5
test_01772,0,0.5
test_01773,0,0.5
test_01774,0,0.5
test_01775,0,0.5
test_01776,0,0.5
test_01777,0,0.5
test_01778,0,0.5
test_01779,0,0.5
test_01780,0,0.5
test_01781,0,0.5
test_01782,0,0.5
test_01783,0,0.5
test_01784,0,0.5
test_01785,0,0.5
test_01786,0,0.5
test_01787,0,0.5
test_01788,0,0.5
test_01789,0,0.5
test_01790,0,0.5
test_01791,0,0.5
test_01792,0,0.5
test_01793,0,0.5
test_01794,0,0.5
test_01795,0,0.5
test_01796,0,0.5
test_01797,0,0.5
test_01798,0,0.5
test_01799,0,0.5
test_01800,0,0.5
